{"PlayerName":"Player","PlayerHealth":100,"PlayerDead":false,"PlayerPosition":{"X":21.639999389648439,"Y":0.25,"Z":15.118963241577149}}